{"cameraMode":{"drawMode":2,"name":"Shaded Wireframe","section":"Shading Mode"},"sceneLighting":true,"audioPlay":false,"sceneViewState":{"showFog":true,"showMaterialUpdate":false,"showSkybox":true,"showFlares":true,"showImageEffects":true,"showParticleSystems":true},"in2DMode":false,"pivot":{"x":-6.052392959594727,"y":-2.5448355674743654,"z":-2.348592758178711},"rotation":{"x":-0.15777550637722016,"y":0.30209827423095705,"z":-0.0499064140021801,"w":-0.9390047192573547},"size":10.888781547546387,"orthographic":false}